{"isNamespaced":false,"md5":"c62751989c8563907cd327db7a975c13","textureGroups":[{"atlases":[{"textures":[{"symbol":"Symbol1","origin":[0,0],"rect":[1,1,10,10]}],"file":"atlas0.png"}],"scaleFactor":1}],"frameRate":24,"movies":[{"layers":[{"keyframes":[{"ref":"Symbol1","loc":[24,-7],"index":0,"pivot":[5,5],"duration":6},{"ref":"Symbol1","loc":[10,-31],"index":6,"pivot":[5,5],"duration":10},{"ref":"Symbol1","loc":[34.8,-24.15],"index":16,"pivot":[5,5],"duration":8},{"ref":"Symbol1","loc":[24,-7],"index":24,"pivot":[5,5],"duration":1}],"name":"Layer 1"},{"keyframes":[{"ref":"Symbol1","loc":[-11,-7],"index":0,"pivot":[5,5],"duration":6},{"ref":"Symbol1","loc":[-19.5,-68.5],"index":6,"pivot":[5,5],"duration":10},{"ref":"Symbol1","loc":[-14.2,-54.5],"index":16,"pivot":[5,5],"duration":8},{"ref":"Symbol1","loc":[-11,-7],"index":24,"pivot":[5,5],"duration":1}],"name":"Layer 2"},{"keyframes":[{"ref":"Symbol1","loc":[9,-1],"index":0,"pivot":[5,5],"duration":6},{"ref":"Symbol1","loc":[20,-11],"index":6,"pivot":[5,5],"duration":4},{"ref":"Symbol1","loc":[24.5,-55.95],"index":10,"pivot":[5,5],"duration":6},{"ref":"Symbol1","loc":[14.8,-57.1],"index":16,"pivot":[5,5],"duration":8},{"ref":"Symbol1","loc":[9,-1],"index":24,"pivot":[5,5],"duration":1}],"name":"Layer 3"},{"keyframes":[{"ref":"Symbol1","loc":[-34,-19],"index":0,"pivot":[5,5],"duration":6},{"ref":"Symbol1","loc":[-9.5,-47],"index":6,"pivot":[5,5],"duration":10},{"ref":"Symbol1","loc":[-34.2,-37.45],"index":16,"pivot":[5,5],"duration":8},{"ref":"Symbol1","loc":[-34,-19],"index":24,"pivot":[5,5],"duration":1}],"name":"Layer 4"},{"keyframes":[{"ref":"Symbol1","loc":[24,-32],"index":0,"pivot":[5,5],"duration":6},{"ref":"Symbol1","loc":[-26.5,-51],"index":6,"pivot":[5,5],"duration":4},{"ref":"Symbol1","loc":[-33.8,-13.75],"index":10,"pivot":[5,5],"duration":6},{"ref":"Symbol1","loc":[14.8,-11.6],"index":16,"pivot":[5,5],"duration":3},{"ref":"Symbol1","loc":[10.25,-1.25],"index":19,"pivot":[5,5],"duration":5},{"ref":"Symbol1","loc":[24,-32],"index":24,"pivot":[5,5],"duration":1}],"name":"Layer 5"},{"keyframes":[{"ref":"Symbol1","loc":[5,-32],"index":0,"pivot":[5,5],"duration":6},{"ref":"Symbol1","loc":[0,-4.5],"index":6,"pivot":[5,5],"duration":10},{"ref":"Symbol1","loc":[10.8,-72.65],"index":16,"pivot":[5,5],"duration":8},{"ref":"Symbol1","loc":[5,-32],"index":24,"pivot":[5,5],"duration":1}],"name":"Layer 6"},{"keyframes":[{"ref":"Symbol1","loc":[-11,-22],"index":0,"pivot":[5,5],"duration":6},{"ref":"Symbol1","loc":[10,-47],"index":6,"pivot":[5,5],"duration":4},{"ref":"Symbol1","loc":[-4.2,-41.95],"index":10,"pivot":[5,5],"duration":6},{"ref":"Symbol1","loc":[-14.2,-21.6],"index":16,"pivot":[5,5],"duration":8},{"ref":"Symbol1","loc":[-11,-22],"index":24,"pivot":[5,5],"duration":1}],"name":"Layer 7"},{"keyframes":[{"ref":"Symbol1","loc":[-9,-44],"index":0,"pivot":[5,5],"duration":6},{"ref":"Symbol1","loc":[-9.5,-27],"index":6,"pivot":[5,5],"duration":10},{"ref":"Symbol1","loc":[-24.2,1.05],"index":16,"pivot":[5,5],"duration":8},{"ref":"Symbol1","loc":[-9,-44],"index":24,"pivot":[5,5],"duration":1}],"name":"Layer 8"},{"keyframes":[{"ref":"Symbol1","loc":[-24,-48],"index":0,"pivot":[5,5],"duration":6},{"ref":"Symbol1","loc":[25,-27],"index":6,"pivot":[5,5],"duration":4},{"ref":"Symbol1","loc":[1.3,-13.75],"index":10,"pivot":[5,5],"duration":6},{"ref":"Symbol1","loc":[-34.2,-62.65],"index":16,"pivot":[5,5],"duration":8},{"ref":"Symbol1","loc":[-24,-48],"index":24,"pivot":[5,5],"duration":1}],"name":"Layer 9"},{"keyframes":[{"ref":"Symbol1","loc":[-34,-68.5],"index":0,"pivot":[5,5],"duration":6},{"ref":"Symbol1","loc":[-39.5,-37],"index":6,"pivot":[5,5],"duration":4},{"ref":"Symbol1","loc":[-33.8,-59.7],"index":10,"pivot":[5,5],"duration":6},{"ref":"Symbol1","loc":[24.8,-42.5],"index":16,"pivot":[5,5],"duration":3},{"ref":"Symbol1","loc":[10.25,-72.8],"index":19,"pivot":[5,5],"duration":2},{"ref":"Symbol1","loc":[-0.95,-29.7],"index":21,"pivot":[5,5],"duration":3},{"ref":"Symbol1","loc":[-34,-68.5],"index":24,"pivot":[5,5],"duration":1}],"name":"Layer 11"},{"keyframes":[{"ref":"Symbol1","loc":[28.5,-48],"index":0,"pivot":[5,5],"duration":6},{"ref":"Symbol1","loc":[15,-68.5],"index":6,"pivot":[5,5],"duration":10},{"ref":"Symbol1","loc":[32,-57.1],"index":16,"pivot":[5,5],"duration":8},{"ref":"Symbol1","loc":[28.5,-48],"index":24,"pivot":[5,5],"duration":1}],"name":"Layer 12"},{"keyframes":[{"ref":"Symbol1","loc":[-9,-72.5],"index":0,"pivot":[5,5],"duration":6},{"ref":"Symbol1","loc":[-29.5,-11],"index":6,"pivot":[5,5],"duration":10},{"ref":"Symbol1","loc":[-18.1,-72.65],"index":16,"pivot":[5,5],"duration":8},{"ref":"Symbol1","loc":[-9,-72.5],"index":24,"pivot":[5,5],"duration":1}],"name":"Layer 13"},{"keyframes":[{"ref":"Symbol1","loc":[5,-49],"index":0,"pivot":[5,5],"duration":6},{"ref":"Symbol1","loc":[37.5,-31],"index":6,"pivot":[5,5],"duration":4},{"ref":"Symbol1","loc":[24.5,-3.75],"index":10,"pivot":[5,5],"duration":6},{"ref":"Symbol1","loc":[5,-21.6],"index":16,"pivot":[5,5],"duration":5},{"ref":"Symbol1","loc":[-14.5,-19.7],"index":21,"pivot":[5,5],"duration":3},{"ref":"Symbol1","loc":[5,-49],"index":24,"pivot":[5,5],"duration":1}],"name":"Layer 14"},{"keyframes":[{"ref":"Symbol1","loc":[15,-62.5],"index":0,"pivot":[5,5],"duration":6},{"ref":"Symbol1","loc":[30,-47],"index":6,"pivot":[5,5],"duration":4},{"ref":"Symbol1","loc":[-2.2,-77.7],"index":10,"pivot":[5,5],"duration":6},{"ref":"Symbol1","loc":[0.8,-27.45],"index":16,"pivot":[5,5],"duration":3},{"ref":"Symbol1","loc":[5,-37.3],"index":19,"pivot":[5,5],"duration":2},{"ref":"Symbol1","loc":[9.05,-68.85],"index":21,"pivot":[5,5],"duration":3},{"ref":"Symbol1","loc":[15,-62.5],"index":24,"pivot":[5,5],"duration":1}],"name":"Layer 15"}],"id":"idle"}]}