{"md5":"1bc41f28230896a9c691fb2ba9fdacf9","textureGroups":[{"scaleFactor":1,"atlases":[{"textures":[{"symbol":"back","origin":[0,0],"rect":[1,1,2000,768]},{"symbol":"middle","origin":[0,0],"rect":[1,771,2000,768]},{"symbol":"front","origin":[0,0],"rect":[1,1541,1984,322]},{"symbol":"platform3","origin":[0,-459.95],"rect":[1,1865,496,147]},{"symbol":"platform2","origin":[0,-459.95],"rect":[499,1865,384,147]},{"symbol":"platform4","origin":[0,-475.95],"rect":[885,1865,352,115]},{"symbol":"platform1","origin":[0,-475.95],"rect":[1239,1865,304,115]}],"file":"atlas0.png"}]}],"movies":[{"id":"default","layers":[{"keyframes":[{"loc":[1000.9,384],"pivot":[1000,384],"index":0,"duration":14,"ref":"back"},{"loc":[1000.9,384],"pivot":[1000,384],"index":14,"duration":1,"ref":"back"}],"name":"back"},{"keyframes":[{"loc":[1000,384],"pivot":[1000,384],"index":0,"duration":14,"ref":"middle"},{"loc":[1000,384],"pivot":[1000,384],"index":14,"duration":1,"ref":"middle"}],"name":"middle"},{"keyframes":[{"loc":[219.9,500.1163],"pivot":[175.95,57.05],"index":0,"duration":7,"ref":"platform4"},{"loc":[156.9,454.1163],"pivot":[175.95,57.05],"index":7,"duration":7,"ref":"platform4"},{"loc":[219.9,500.1163],"pivot":[175.95,57.05],"index":14,"duration":1,"ref":"platform4"}],"name":"platform4"},{"keyframes":[{"loc":[868.15,660.1],"pivot":[192,73],"index":0,"duration":5,"ref":"platform2"},{"loc":[995.15,603.1],"pivot":[192,73],"index":5,"duration":9,"ref":"platform2"},{"loc":[868.15,660.1],"pivot":[192,73],"index":14,"duration":1,"ref":"platform2"}],"name":"platform2"},{"keyframes":[{"loc":[524.15,508.15],"pivot":[152,57],"index":0,"duration":14,"ref":"platform1"},{"loc":[524.15,508.15],"pivot":[152,57],"index":14,"duration":1,"ref":"platform1"}],"name":"platform1"}]}],"frameRate":1,"isNamespaced":false}