{"isNamespaced":false,"md5":"166d68f57a7a0f2cb9b59b6d71a32e1d","textureGroups":[{"atlases":[{"textures":[{"symbol":"back","origin":[0,0],"rect":[1,1,2000,768]},{"symbol":"middle","origin":[0,0],"rect":[1,771,2000,768]},{"symbol":"front","origin":[0,0],"rect":[1,1541,1984,322]},{"symbol":"platform3","origin":[0,-459.95],"rect":[1,1865,496,147]},{"symbol":"platform2","origin":[0,-459.95],"rect":[499,1865,384,147]},{"symbol":"platform4","origin":[0,-475.95],"rect":[885,1865,352,115]},{"symbol":"platform1","origin":[0,-475.95],"rect":[1239,1865,304,115]},{"symbol":"Symbol1","origin":[-423.95,-376.45],"rect":[1987,1541,50,29]},{"symbol":"head","origin":[-432.95,-370.95],"rect":[1987,1572,32,40]},{"symbol":"tail","origin":[-434.95,-375.45],"rect":[1987,1614,28,31]},{"symbol":"fLeg1","origin":[-441.95,-379.95],"rect":[2021,1572,14,22]},{"symbol":"fLeg2","origin":[-441.45,-381.45],"rect":[2021,1596,15,19]},{"symbol":"bLeg1","origin":[-443.95,-381.45],"rect":[2037,1572,10,19]},{"symbol":"bLeg2","origin":[-443.95,-381.95],"rect":[2017,1617,10,18]}],"file":"atlas0.png"}],"scaleFactor":1}],"frameRate":1,"movies":[{"layers":[{"keyframes":[{"ref":"tail","loc":[13,-8],"index":0,"pivot":[14,15.5],"duration":12},{"ref":"tail","loc":[9.9991,-9.0106],"pivot":[14,15.45],"index":12,"duration":12,"skew":[-0.3316,-0.3316]},{"ref":"tail","loc":[13,-8],"index":24,"pivot":[14,15.5],"duration":1}],"name":"tail"},{"keyframes":[{"ref":"bLeg2","loc":[8,20],"index":0,"pivot":[5,9],"duration":24},{"ref":"bLeg2","loc":[8,20],"index":24,"pivot":[5,9],"duration":1}],"name":"bleg2"},{"keyframes":[{"ref":"bLeg1","loc":[-1,19],"index":0,"pivot":[5,9.5],"duration":24},{"ref":"bLeg1","loc":[-1,19],"index":24,"pivot":[5,9.5],"duration":1}],"name":"bleg1"},{"keyframes":[{"ref":"fLeg2","loc":[-17,20],"index":0,"pivot":[7.5,9.5],"duration":24},{"ref":"fLeg2","loc":[-17,20],"index":24,"pivot":[7.5,9.5],"duration":1}],"name":"fleg2"},{"keyframes":[{"ref":"fLeg1","loc":[-27,18],"index":0,"pivot":[7,11],"duration":6},{"ref":"fLeg1","loc":[-26,18],"index":6,"pivot":[7,11],"duration":11},{"ref":"fLeg1","loc":[-29.6,17],"index":17,"pivot":[7,11],"duration":7},{"ref":"fLeg1","loc":[-27,18],"index":24,"pivot":[7,11],"duration":1}],"name":"fleg1"},{"keyframes":[{"ref":"Symbol1","loc":[-9,4],"index":0,"pivot":[25,14.5],"duration":11},{"ref":"Symbol1","loc":[-9,7],"index":11,"pivot":[25,14.5],"duration":13},{"ref":"Symbol1","loc":[-9,4],"index":24,"pivot":[25,14.5],"duration":1}],"name":"body"},{"keyframes":[{"ref":"head","loc":[-25.95,-15],"index":0,"pivot":[16,20],"duration":14},{"ref":"head","loc":[-25.9545,-9.0162],"pivot":[15.95,20],"index":14,"duration":10,"skew":[-0.2444,-0.2444]},{"ref":"head","loc":[-25.95,-15],"index":24,"pivot":[16,20],"duration":1}],"name":"head"}],"id":"cat"},{"layers":[{"keyframes":[{"ref":"back","loc":[1000.9,384],"pivot":[1000,384],"tweened":false,"index":0,"duration":1}],"name":"back"},{"keyframes":[{"ref":"middle","loc":[1000,384],"pivot":[1000,384],"tweened":false,"index":0,"duration":1}],"name":"middle"},{"keyframes":[{"index":0,"duration":1}],"name":"tail"},{"keyframes":[{"index":0,"duration":1}],"name":"bleg2"},{"keyframes":[{"index":0,"duration":1}],"name":"bleg1"},{"keyframes":[{"index":0,"duration":1}],"name":"fleg2"},{"keyframes":[{"index":0,"duration":1}],"name":"fleg1"},{"keyframes":[{"index":0,"duration":1}],"name":"body"},{"keyframes":[{"index":0,"duration":1}],"name":"head"},{"keyframes":[{"ref":"platform4","loc":[219.8952,500.0763],"pivot":[175.95,57],"tweened":false,"index":0,"duration":1,"skew":[0.8726,0.8726]}],"name":"platform4"},{"keyframes":[{"ref":"platform3","loc":[834.2369,349.4974],"pivot":[248,73],"tweened":false,"index":0,"duration":1,"skew":[-2.6703,-2.6703]}],"name":"platform3"},{"keyframes":[{"ref":"platform2","loc":[868.15,660.1],"pivot":[192,73],"tweened":false,"index":0,"duration":1}],"name":"platform2"},{"keyframes":[{"ref":"platform1","loc":[524.15,508.15],"pivot":[152,57],"tweened":false,"index":0,"duration":1}],"name":"platform1"}],"id":"default"}]}