{"textureGroups":[{"scaleFactor":1,"atlases":[{"textures":[{"origin":[32,84],"rect":[1,1,65,83],"symbol":"square"}],"file":"atlas0.png"}]}],"isNamespaced":false,"movies":[{"layers":[{"keyframes":[{"pivot":[32.5,41.5],"ref":"square","index":0,"duration":1,"loc":[0,-42]},{"pivot":[32.5,41.45],"scale":[1,0.9992],"loc":[8.9078,-41.6118],"skew":[0.2231,0],"ref":"square","index":1,"duration":1},{"pivot":[32.45,41.45],"scale":[1,0.9979],"loc":[16.0274,-38.4038],"skew":[0.4463,0],"ref":"square","index":2,"duration":1},{"pivot":[32.5,41.45],"scale":[1,0.9966],"loc":[21.5717,-33.4967],"skew":[0.6697,0],"ref":"square","index":3,"duration":1},{"pivot":[32.45,41.45],"scale":[1,0.9955],"loc":[27.389,-25.9477],"skew":[0.8965,0],"ref":"square","index":4,"duration":1},{"pivot":[32.4,41.4],"scale":[1,0.9952],"loc":[31.2714,-18.1464],"skew":[1.1206,0],"ref":"square","index":5,"duration":1},{"pivot":[32.45,41.4],"scale":[1,0.9959],"loc":[33.2182,-10.0526],"skew":[1.3473,0],"ref":"square","index":6,"duration":2},{"pivot":[32.55,41.5],"scale":[1,0.9993],"loc":[32.0164,9.1987],"skew":[1.7939,0],"ref":"square","index":8,"duration":1},{"pivot":[32.55,41.55],"scale":[1,0.9982],"loc":[33.5703,17.8408],"skew":[2.0171,0],"ref":"square","index":9,"duration":1},{"pivot":[32.6,41.5],"scale":[1,0.9969],"loc":[27.9167,25.7031],"skew":[2.2406,0],"ref":"square","index":10,"duration":1},{"pivot":[32.6,41.55],"scale":[1,0.9961],"loc":[22.8972,32.2339],"skew":[2.4674,0],"ref":"square","index":11,"duration":1},{"pivot":[32.6,41.6],"scale":[1,0.9961],"loc":[16.2234,37.1303],"skew":[2.6915,0],"ref":"square","index":12,"duration":1},{"pivot":[32.6,41.55],"scale":[1,0.9974],"loc":[8.1273,40.3367],"skew":[2.9183,0],"ref":"square","index":13,"duration":1},{"ref":"square","loc":[0,41.5],"skew":[3.1416,0],"pivot":[32.5,41.5],"index":14,"duration":1},{"pivot":[32.5,41.45],"scale":[1,0.9993],"loc":[-7.5514,40.2196],"skew":[3.3477,0],"ref":"square","index":15,"duration":1},{"pivot":[32.5,41.45],"scale":[1,0.9982],"loc":[-14.5834,37.9622],"skew":[3.5568,0],"ref":"square","index":16,"duration":1},{"pivot":[32.5,41.45],"scale":[1,0.9969],"loc":[-21.0739,33.5946],"skew":[3.7668,0],"ref":"square","index":17,"duration":1},{"pivot":[32.45,41.5],"scale":[1,0.9959],"loc":[-25.7873,27.7478],"skew":[3.977,0],"ref":"square","index":18,"duration":1},{"pivot":[32.5,41.45],"scale":[1,0.9957],"loc":[-31.8073,20.7458],"skew":[4.1871,0],"ref":"square","index":19,"duration":1},{"pivot":[32.45,41.45],"scale":[1,0.9967],"loc":[-34.9698,12.8534],"skew":[4.397,0],"ref":"square","index":20,"duration":1},{"pivot":[32.3,41.65],"scale":[1,0.9996],"loc":[-32.0286,4.5508],"skew":[4.6023,0],"ref":"square","index":21,"duration":1},{"pivot":[32.55,41.4],"scale":[1,0.9994],"loc":[-26.9744,-3.2517],"skew":[4.8089,0],"ref":"square","index":22,"duration":1},{"pivot":[32.5,41.45],"scale":[1,0.9985],"loc":[-33.1113,-12.797],"skew":[5.0146,0],"ref":"square","index":23,"duration":1},{"pivot":[32.5,41.5],"scale":[1,0.9974],"loc":[-30.5664,-19.6435],"skew":[5.2237,0],"ref":"square","index":24,"duration":1},{"pivot":[32.5,41.45],"scale":[1,0.9963],"loc":[-29.4748,-27.1397],"skew":[5.4304,0],"ref":"square","index":25,"duration":1},{"pivot":[32.5,41.45],"scale":[1,0.9956],"loc":[-22.1095,-32.8486],"skew":[5.64,0],"ref":"square","index":26,"duration":1},{"pivot":[32.55,41.45],"scale":[1,0.9958],"loc":[-15.6878,-37.8577],"skew":[5.85,0],"ref":"square","index":27,"duration":1},{"pivot":[32.55,41.5],"scale":[1,0.9972],"loc":[-8.839,-40.8275],"skew":[6.0598,0],"ref":"square","index":28,"duration":1},{"ref":"square","loc":[0.0081,-41.9935],"skew":[6.2657,0],"pivot":[32.5,41.5],"index":29,"duration":1}],"name":"rotate"}],"id":"default"}],"md5":"20417313f496bf58aa6e779b046f022d","frameRate":1}